n_samples	pos	change	median_vaf_pct	note
5	12310	A>T	1.71	RECURRENT — check haplogroup / artifact
5	16060	G>A	4.07	RECURRENT — check haplogroup / artifact
3	316	G>C	1.47	RECURRENT — check haplogroup / artifact
3	864	T>C	1.49	RECURRENT — check haplogroup / artifact
3	13868	T>A	1.26	RECURRENT — check haplogroup / artifact
2	3998	T>A	1.52	RECURRENT — check haplogroup / artifact
2	5131	T>A	1.67	RECURRENT — check haplogroup / artifact
2	6438	T>A	3.00	RECURRENT — check haplogroup / artifact
2	7549	T>A	3.34	RECURRENT — check haplogroup / artifact
2	8121	T>A	1.77	RECURRENT — check haplogroup / artifact
2	8143	T>A	3.27	RECURRENT — check haplogroup / artifact
2	12317	T>G	1.24	RECURRENT — check haplogroup / artifact
2	13844	A>G	3.55	RECURRENT — check haplogroup / artifact
2	15388	T>A	1.22	RECURRENT — check haplogroup / artifact
2	15560	T>A	1.29	RECURRENT — check haplogroup / artifact
2	16024	T>A	1.79	RECURRENT — check haplogroup / artifact
1	22	T>A	1.27	PRIVATE
1	204	T>C	20.06	PRIVATE
1	246	T>C	23.64	PRIVATE
1	251	G>A	1.05	PRIVATE
1	292	T>A	4.30	PRIVATE
1	297	A>C	9.16	PRIVATE
1	300	A>C	3.38	PRIVATE
1	523	A>C	2.92	PRIVATE
1	546	A>C	1.03	PRIVATE
1	877	G>A	1.57	PRIVATE
1	1201	A>G	1.59	PRIVATE
1	2339	G>A	2.15	PRIVATE
1	3106	C>A	40.38	PRIVATE
1	3166	T>A	1.00	PRIVATE
1	3482	A>C	1.38	PRIVATE
1	3523	A>C	1.04	PRIVATE
1	3892	A>C	1.84	PRIVATE
1	3917	A>G	1.05	PRIVATE
1	4003	A>G	1.89	PRIVATE
1	4078	T>A	1.19	PRIVATE
1	4183	T>A	1.66	PRIVATE
1	4833	A>G	1.38	PRIVATE
1	4842	A>G	1.51	PRIVATE
1	4939	T>A	1.70	PRIVATE
1	5441	A>C	1.20	PRIVATE
1	6419	A>C	3.25	PRIVATE
1	6432	A>C	2.31	PRIVATE
1	6654	T>G	1.13	PRIVATE
1	6852	G>A	39.25	PRIVATE
1	7789	G>A	47.72	PRIVATE
1	7943	T>A	1.10	PRIVATE
1	7972	A>C	1.38	PRIVATE
1	7976	G>A	1.41	PRIVATE
1	8074	A>G	5.13	PRIVATE
1	8084	A>C	1.22	PRIVATE
1	8134	T>A	3.03	PRIVATE
1	8298	T>A	1.16	PRIVATE
1	8303	A>T	1.16	PRIVATE
1	8315	A>T	1.16	PRIVATE
1	8634	T>A	1.20	PRIVATE
1	8668	T>A	1.24	PRIVATE
1	9219	T>A	1.75	PRIVATE
1	9375	T>A	1.36	PRIVATE
1	9523	T>A	1.02	PRIVATE
1	9545	A>G	1.15	PRIVATE
1	10060	T>G	4.08	PRIVATE
1	10081	T>A	1.61	PRIVATE
1	10143	G>A	4.16	PRIVATE
1	10237	T>C	6.52	PRIVATE
1	10323	A>G	1.81	PRIVATE
1	10458	C>A	1.21	PRIVATE
1	10577	A>G	1.82	PRIVATE
1	10761	T>A	1.05	PRIVATE
1	11088	T>A	1.79	PRIVATE
1	11464	C>A	1.08	PRIVATE
1	11529	T>A	1.82	PRIVATE
1	11616	T>A	2.53	PRIVATE
1	11678	T>A	1.60	PRIVATE
1	12127	G>C	30.00	PRIVATE
1	12164	G>A	1.65	PRIVATE
1	12274	A>T	1.54	PRIVATE
1	12813	C>T	2.51	PRIVATE
1	12924	A>C	1.01	PRIVATE
1	12974	T>A	1.00	PRIVATE
1	13046	T>A	2.39	PRIVATE
1	13133	T>A	1.09	PRIVATE
1	13143	T>A	1.16	PRIVATE
1	13169	T>A	1.70	PRIVATE
1	13572	T>C	15.21	PRIVATE
1	13602	T>C	42.57	PRIVATE
1	13651	A>C	2.10	PRIVATE
1	13664	T>A	1.54	PRIVATE
1	13781	T>A	1.59	PRIVATE
1	13787	T>C	1.03	PRIVATE
1	13869	T>A	1.47	PRIVATE
1	13874	T>A	1.68	PRIVATE
1	14173	T>A	1.40	PRIVATE
1	14325	T>C	1.53	PRIVATE
1	14345	T>A	1.32	PRIVATE
1	14469	A>C	2.42	PRIVATE
1	14871	T>A	1.22	PRIVATE
1	15196	A>G	1.24	PRIVATE
1	15366	A>G	1.50	PRIVATE
1	15428	G>C	1.92	PRIVATE
1	15477	T>A	1.12	PRIVATE
1	15530	T>A	1.13	PRIVATE
1	15645	T>A	1.54	PRIVATE
1	15831	T>A	2.26	PRIVATE
1	15923	A>G	1.16	PRIVATE
1	16044	T>C	1.18	PRIVATE
1	16093	T>C	90.81	PRIVATE
1	16183	A>C	10.77	PRIVATE
1	16487	A>T	1.11	PRIVATE
